,Genotype,Light,Status,Volume,Meal Size,Count,date,ID,Calculated Volume (Meal Size x Count)
0,Trhn>Chr,Red Light Off,Test,338.56199999999995,33.8561999999999,10.0,2020-11-03_12-33-55,15,338.561999999999
1,Trhn>Chr,Red Light Off,Test,316.539,79.13475,4.0,2020-11-03_12-33-55,29,316.539
2,Trhn>Chr,Red Light Off,Test,293.283,146.6415,2.0,2019-04-27_17-20-05,7,293.283
3,Trhn/w,Red Light Off,Ctrl,471.262,9.42524,50.0,2020-11-03_12-33-55,19,471.262
4,Trhn>Chr,Red Light Off,Test,151.198,75.599,2.0,2020-11-12_16-14-48,5,151.198
5,Trhn>Chr,Red Light Off,Test,520.371,260.1855,2.0,2019-04-27_17-20-05,18,520.371
6,Trhn/w,Red Light Off,Ctrl,88.764,14.794,6.0,2020-11-03_12-33-55,25,88.76400000000001
7,Trhn>Chr,Red Light Off,Test,347.11199999999997,69.4224,5.0,2019-04-27_17-20-05,21,347.11199999999997
8,Chr/w,Red Light Off,Ctrl,321.959,15.3313809523809,21.0,2020-11-03_12-33-55,1,321.9589999999989
9,Trhn/w,Red Light Off,Ctrl,174.80599999999998,5.1413529411764,34.0,2020-11-03_12-33-55,11,174.8059999999976
10,Chr/w,Red Light Off,Ctrl,208.363,12.2566470588235,17.0,2020-11-03_12-33-55,13,208.3629999999995
11,Trhn/w,Red Light Off,Ctrl,373.985,33.9986363636363,11.0,2020-11-03_12-33-55,14,373.98499999999933
12,Trhn/w,Red Light Off,Ctrl,0.0,0.0,0.0,2020-11-12_16-14-48,27,0.0
13,Trhn>Chr,Red Light Off,Test,254.649,127.3245,2.0,2020-11-12_16-14-48,22,254.649
14,Trhn/w,Red Light Off,Ctrl,283.178,3.8791506849315,73.0,2020-11-03_12-33-55,16,283.1779999999995
15,Trhn>Chr,Red Light Off,Test,245.836,245.836,1.0,2019-04-29_14-47-32,19,245.836
16,Trhn>Chr,Red Light Off,Test,0.0,0.0,0.0,2020-11-12_16-14-48,8,0.0
17,Trhn>Chr,Red Light Off,Test,291.094,26.4630909090909,11.0,2020-11-03_12-33-55,3,291.09399999999994
18,Chr/w,Red Light Off,Ctrl,0.0,0.0,0.0,2020-11-03_12-33-55,21,0.0
19,Trhn/w,Red Light Off,Ctrl,531.5029999999999,12.654833333333299,42.0,2019-04-27_17-20-05,15,531.5029999999986
20,Chr/w,Red Light Off,Ctrl,265.50600000000003,37.9294285714285,7.0,2019-04-27_17-20-05,14,265.5059999999995
21,Chr/w,Red Light Off,Ctrl,307.11,43.8728571428571,7.0,2019-04-27_17-20-05,11,307.1099999999997
22,Trhn>Chr,Red Light Off,Test,0.0,0.0,0.0,2020-11-03_12-33-55,17,0.0
23,Trhn>Chr,Red Light Off,Test,0.0,0.0,0.0,2020-11-12_16-14-48,19,0.0
24,Chr/w,Red Light Off,Ctrl,217.12699999999998,27.140874999999998,8.0,2019-04-27_17-20-05,2,217.12699999999998
25,Trhn/w,Red Light Off,Ctrl,329.113,65.8226,5.0,2019-04-27_17-20-05,20,329.11299999999994
26,Chr/w,Red Light Off,Ctrl,90.629,45.3145,2.0,2019-04-27_17-20-05,22,90.629
27,Chr/w,Red Light Off,Ctrl,3.2720000000000002,3.2720000000000002,1.0,2020-11-03_12-33-55,18,3.2720000000000002
28,Trhn>Chr,Red Light Off,Test,462.738,154.24599999999998,3.0,2019-04-27_17-20-05,13,462.73799999999994
29,Trhn>Chr,Red Light Off,Test,287.24099999999993,47.8734999999999,6.0,2020-11-12_16-14-48,2,287.2409999999994
30,Trhn>Chr,Red Light Off,Test,206.00199999999998,206.00199999999998,1.0,2020-11-12_16-14-48,16,206.00199999999998
31,Trhn>Chr,Red Light Off,Test,232.138,16.581285714285702,14.0,2019-04-29_14-47-32,22,232.13799999999983
32,Trhn>Chr,Red Light Off,Test,353.2869999999999,88.3217499999999,4.0,2019-04-27_17-20-05,27,353.2869999999996
33,Trhn>Chr,Red Light Off,Test,189.826,189.826,1.0,2019-04-29_14-47-32,2,189.826
34,Trhn>Chr,Red Light Off,Test,309.678,77.4195,4.0,2019-04-27_17-20-05,30,309.678
35,Trhn>Chr,Red Light Off,Test,384.08,128.02666666666659,3.0,2019-04-27_17-20-05,4,384.07999999999976
36,Trhn>Chr,Red Light Off,Test,250.43900000000002,16.6959333333333,15.0,2020-11-03_12-33-55,26,250.4389999999995
37,Trhn>Chr,Red Light Off,Test,331.263,36.807,9.0,2020-11-03_12-33-55,23,331.26300000000003
38,Trhn>Chr,Red Light Off,Test,198.354,22.0393333333333,9.0,2020-11-03_12-33-55,20,198.3539999999997
39,Trhn>Chr,Red Light Off,Test,307.223,307.223,1.0,2019-04-29_14-47-32,8,307.223
40,Chr/w,Red Light Off,Ctrl,192.69,64.22999999999999,3.0,2020-11-03_12-33-55,30,192.68999999999997
41,Trhn/w,Red Light Off,Ctrl,162.804,7.4001818181817995,22.0,2020-11-03_12-33-55,5,162.80399999999958
42,Trhn>Chr,Red Light Off,Test,8.586,8.586,1.0,2019-04-29_14-47-32,25,8.586
43,Trhn>Chr,Red Light Off,Test,3.478,3.478,1.0,2019-04-29_14-47-32,28,3.478
44,Trhn>Chr,Red Light Off,Test,262.215,8.19421875,32.0,2019-04-29_14-47-32,5,262.215
45,Trhn/w,Red Light Off,Ctrl,158.07299999999998,6.8727391304347,23.0,2020-11-03_12-33-55,8,158.0729999999981
46,Trhn/w,Red Light Off,Ctrl,287.251,11.49004,25.0,2020-11-03_12-33-55,28,287.25100000000003
47,Chr/w,Red Light Off,Ctrl,103.129,34.3763333333333,3.0,2020-11-03_12-33-55,7,103.1289999999999
48,Trhn>Chr,Red Light Off,Test,316.971,45.281571428571404,7.0,2019-04-27_17-20-05,24,316.97099999999983
49,Chr/w,Red Light Off,Ctrl,322.54699999999997,64.5094,5.0,2020-11-03_12-33-55,10,322.547
50,Trhn/w,Red Light Off,Ctrl,257.005,6.7632894736842,38.0,2020-11-03_12-33-55,2,257.0049999999996
51,Trhn>Chr,Red Light Off,Test,198.574,99.287,2.0,2020-11-12_16-14-48,25,198.574
52,Trhn>Chr,Red Light Off,Test,222.04299999999998,55.510749999999994,4.0,2019-04-27_17-20-05,10,222.04299999999998
53,Trhn>Chr,Red Light Off,Test,247.372,123.686,2.0,2019-04-27_17-20-05,1,247.372
54,Trhn>Chr,Red Light Off,Test,301.42999999999995,75.35749999999999,4.0,2020-11-12_16-14-48,11,301.42999999999995
55,Chr/w,Red Light Off,Ctrl,232.97799999999998,13.7045882352941,17.0,2020-11-03_12-33-55,27,232.9779999999997
56,Trhn/w,Red Light Off,Ctrl,259.77,6.8360526315789,38.0,2020-11-03_12-33-55,22,259.7699999999982
57,Trhn>Chr,Red Light Off,Test,166.024,83.012,2.0,2020-11-12_16-14-48,14,166.024
58,Trhn/w,Red Light Off,Ctrl,177.611,8.88055,20.0,2019-04-29_14-47-32,13,177.611
59,Chr/w,Red Light Off,Ctrl,175.16799999999998,87.58399999999999,2.0,2019-04-29_14-47-32,12,175.16799999999998
60,Chr/w,Red Light Off,Ctrl,229.854,28.73175,8.0,2020-11-03_12-33-55,4,229.854
61,Trhn/w,Red Light Off,Ctrl,224.108,112.054,2.0,2019-04-29_14-47-32,1,224.108
62,Chr/w,Red Light Off,Ctrl,0.0,0.0,0.0,2020-11-12_16-14-48,12,0.0
63,Trhn/w,Red Light Off,Ctrl,184.778,184.778,1.0,2020-11-12_16-14-48,13,184.778
64,Chr/w,Red Light Off,Ctrl,0.0,0.0,0.0,2020-11-12_16-14-48,3,0.0
65,Trhn>Chr,Red Light Off,Test,190.748,190.748,1.0,2020-11-12_16-14-48,28,190.748
66,Trhn>Chr,Red Light Off,Test,259.584,259.584,1.0,2019-04-29_14-47-32,11,259.584
67,Trhn>Chr,Red Light Off,Test,303.203,21.6573571428571,14.0,2020-11-03_12-33-55,9,303.2029999999994
68,Trhn>Chr,Red Light Off,Test,343.235,57.2058333333333,6.0,2019-04-29_14-47-32,14,343.2349999999998
69,Trhn>Chr,Red Light Off,Test,268.106,53.6212,5.0,2020-11-03_12-33-55,6,268.106
70,Trhn/w,Red Light Off,Ctrl,256.461,256.461,1.0,2020-11-12_16-14-48,10,256.461
71,Chr/w,Red Light Off,Ctrl,0.0,0.0,0.0,2019-04-29_14-47-32,9,0.0
72,Chr/w,Red Light Off,Ctrl,272.171,136.0855,2.0,2019-04-27_17-20-05,28,272.171
73,Chr/w,Red Light Off,Ctrl,325.001,65.00019999999999,5.0,2020-11-12_16-14-48,23,325.001
74,Chr/w,Red Light Off,Ctrl,0.0,0.0,0.0,2020-11-12_16-14-48,17,0.0
75,Trhn/w,Red Light Off,Ctrl,240.95,7.5296875,32.0,2019-04-27_17-20-05,26,240.95
76,Trhn/w,Red Light Off,Ctrl,331.312,8.7187368421052,38.0,2019-04-27_17-20-05,23,331.31199999999757
77,Chr/w,Red Light Off,Ctrl,252.14700000000002,63.036750000000005,4.0,2019-04-27_17-20-05,16,252.14700000000002
78,Chr/w,Red Light Off,Ctrl,0.0,0.0,0.0,2020-11-12_16-14-48,29,0.0
79,Chr/w,Red Light Off,Ctrl,172.2469999999999,86.1234999999999,2.0,2020-11-12_16-14-48,9,172.2469999999998
80,Trhn/w,Red Light Off,Ctrl,274.8379999999999,137.4189999999999,2.0,2020-11-12_16-14-48,21,274.8379999999998
81,Trhn/w,Red Light Off,Ctrl,210.441,210.441,1.0,2020-11-12_16-14-48,7,210.441
82,Chr/w,Red Light Off,Ctrl,201.30100000000002,22.3667777777777,9.0,2020-11-12_16-14-48,6,201.3009999999993
83,Trhn/w,Red Light Off,Ctrl,158.128,79.064,2.0,2020-11-12_16-14-48,4,158.128
84,Trhn/w,Red Light Off,Ctrl,261.09,52.218,5.0,2020-11-12_16-14-48,30,261.09000000000003
85,Chr/w,Red Light Off,Ctrl,475.008,43.1825454545454,11.0,2020-11-12_16-14-48,26,475.00799999999936
86,Trhn/w,Red Light Off,Ctrl,364.212,182.106,2.0,2020-11-12_16-14-48,24,364.212
87,Trhn/w,Red Light Off,Ctrl,138.237,6.911849999999999,20.0,2019-04-29_14-47-32,10,138.237
88,Chr/w,Red Light Off,Ctrl,354.75,29.5625,12.0,2019-04-27_17-20-05,25,354.75
89,Trhn/w,Red Light Off,Ctrl,0.0,0.0,0.0,2020-11-12_16-14-48,18,0.0
90,Trhn>Chr,Red Light Off,Test,0.0,0.0,0.0,2020-11-03_12-33-55,12,0.0
91,Chr/w,Red Light Off,Ctrl,0.0,0.0,0.0,2020-11-03_12-33-55,24,0.0
92,Trhn/w,Red Light Off,Ctrl,300.76399999999995,7.1610476190476,42.0,2019-04-27_17-20-05,9,300.7639999999992
93,Chr/w,Red Light Off,Ctrl,0.0,0.0,0.0,2020-11-12_16-14-48,20,0.0
94,Chr/w,Red Light Off,Ctrl,283.4669999999999,40.4952857142857,7.0,2019-04-27_17-20-05,8,283.46699999999987
95,Trhn/w,Red Light Off,Ctrl,447.33,11.469999999999999,39.0,2019-04-27_17-20-05,6,447.3299999999999
96,Trhn/w,Red Light Off,Ctrl,392.363,26.157533333333298,15.0,2019-04-27_17-20-05,17,392.3629999999995
97,Chr/w,Red Light Off,Ctrl,172.08,15.6436363636363,11.0,2019-04-29_14-47-32,23,172.0799999999993
98,Trhn/w,Red Light Off,Ctrl,236.40900000000002,7.387781250000001,32.0,2019-04-29_14-47-32,21,236.40900000000002
99,Chr/w,Red Light Off,Ctrl,108.699,12.0776666666666,9.0,2019-04-29_14-47-32,26,108.6989999999994
100,Trhn/w,Red Light Off,Ctrl,313.35200000000003,26.1126666666666,12.0,2019-04-29_14-47-32,24,313.3519999999992
101,Chr/w,Red Light Off,Ctrl,149.498,9.9665333333333,15.0,2019-04-29_14-47-32,17,149.4979999999995
102,Trhn/w,Red Light Off,Ctrl,118.103,118.103,1.0,2019-04-29_14-47-32,18,118.103
103,Trhn/w,Red Light Off,Ctrl,402.818,8.5705957446808,47.0,2019-04-29_14-47-32,27,402.8179999999976
104,Chr/w,Red Light Off,Ctrl,311.616,28.3287272727272,11.0,2019-04-29_14-47-32,20,311.6159999999992
105,Trhn/w,Red Light Off,Ctrl,292.2,26.5636363636363,11.0,2019-04-29_14-47-32,7,292.1999999999993
106,Chr/w,Red Light Off,Ctrl,9.922,9.922,1.0,2019-04-27_17-20-05,19,9.922
107,Trhn/w,Red Light Off,Ctrl,146.91000000000003,18.363750000000003,8.0,2019-04-27_17-20-05,3,146.91000000000003
108,Chr/w,Red Light Off,Ctrl,210.505,9.1523913043478,23.0,2019-04-29_14-47-32,6,210.5049999999994
109,Trhn/w,Red Light Off,Ctrl,176.7729999999999,6.5471481481481,27.0,2019-04-29_14-47-32,4,176.7729999999987
110,Trhn/w,Red Light Off,Ctrl,114.895,11.4895,10.0,2019-04-29_14-47-32,30,114.895
111,Trhn/w,Red Light Off,Ctrl,435.851,145.2836666666666,3.0,2020-11-12_16-14-48,1,435.8509999999998
112,Chr/w,Red Light Off,Ctrl,178.482,59.494,3.0,2019-04-29_14-47-32,3,178.482
113,Trhn/w,Red Light Off,Ctrl,274.871,274.871,1.0,2019-04-29_14-47-32,16,274.871
114,Chr/w,Red Light Off,Ctrl,257.49699999999996,10.7290416666666,24.0,2019-04-29_14-47-32,15,257.49699999999837
115,Chr/w,Red Light Off,Ctrl,94.316,31.438666666666602,3.0,2019-04-27_17-20-05,5,94.3159999999998
116,Trhn/w,Red Light Off,Ctrl,264.278,11.0115833333333,24.0,2019-04-27_17-20-05,29,264.2779999999992
117,Chr/w,Red Light Off,Ctrl,0.0,0.0,0.0,2020-11-12_16-14-48,15,0.0
118,Trhn/w,Red Light Off,Ctrl,264.903,33.112875,8.0,2019-04-27_17-20-05,12,264.903
119,Chr/w,Red Light Off,Ctrl,0.0,0.0,0.0,2019-04-29_14-47-32,29,0.0
120,Chr/w,Red Light On,Ctrl,161.5329999999999,5.9827037037037005,27.0,2019-05-01_14-57-59,11,161.5329999999999
121,Trhn/w,Red Light On,Ctrl,143.2449999999999,23.8741666666666,6.0,2019-04-29_17-05-16,4,143.2449999999996
122,Trhn/w,Red Light On,Ctrl,275.169,13.75845,20.0,2019-04-03_12-01-47,25,275.169
123,Trhn/w,Red Light On,Ctrl,348.15299999999996,19.3418333333333,18.0,2020-11-05_15-14-54,22,348.15299999999945
124,Chr/w,Red Light On,Ctrl,257.322,25.7322,10.0,2019-05-01_14-57-59,14,257.322
125,Trhn/w,Red Light On,Ctrl,338.451,18.8028333333333,18.0,2020-11-12_13-47-57,13,338.4509999999994
126,Chr/w,Red Light On,Ctrl,134.492,33.623,4.0,2020-11-12_13-47-57,12,134.492
127,Chr/w,Red Light On,Ctrl,189.416,47.354,4.0,2020-11-12_13-47-57,17,189.416
128,Chr/w,Red Light On,Ctrl,0.0,0.0,0.0,2019-04-29_17-05-16,6,0.0
129,Chr/w,Red Light On,Ctrl,47.029,6.7184285714285,7.0,2019-04-05_12-10-53,4,47.0289999999995
130,Trhn/w,Red Light On,Ctrl,0.0,0.0,0.0,2020-11-05_15-14-54,19,0.0
131,Chr/w,Red Light On,Ctrl,0.0,0.0,0.0,2020-11-05_15-14-54,24,0.0
132,Trhn/w,Red Light On,Ctrl,384.79599999999994,6.4132666666666,60.0,2019-04-05_12-10-53,2,384.795999999996
133,Trhn>Chr,Red Light On,Test,178.841,5.2600294117647,34.0,2020-11-12_13-47-57,25,178.8409999999998
134,Trhn/w,Red Light On,Ctrl,228.39299999999992,4.2295,54.0,2019-04-05_12-10-53,19,228.393
135,Trhn/w,Red Light On,Ctrl,217.115,9.4397826086956,23.0,2019-04-05_12-10-53,8,217.1149999999988
136,Trhn/w,Red Light On,Ctrl,317.698,52.9496666666666,6.0,2020-11-12_13-47-57,10,317.69799999999964
137,Chr/w,Red Light On,Ctrl,143.263,23.8771666666666,6.0,2019-04-05_12-10-53,18,143.2629999999996
138,Chr/w,Red Light On,Ctrl,325.612,27.1343333333333,12.0,2019-04-03_12-01-47,10,325.61199999999957
139,Trhn/w,Red Light On,Ctrl,358.399,51.199857142857105,7.0,2020-11-12_13-47-57,1,358.3989999999997
140,Trhn/w,Red Light On,Ctrl,442.235,27.6396875,16.0,2020-11-05_15-14-54,11,442.235
141,Chr/w,Red Light On,Ctrl,291.874,18.242125,16.0,2020-11-05_15-14-54,7,291.874
142,Chr/w,Red Light On,Ctrl,0.0,0.0,0.0,2019-05-01_14-57-59,28,0.0
143,Trhn/w,Red Light On,Ctrl,334.87600000000003,6.2014074074074,54.0,2019-04-05_12-10-53,16,334.8759999999996
144,Trhn/w,Red Light On,Ctrl,0.0,0.0,0.0,2019-04-29_17-05-16,7,0.0
145,Trhn/w,Red Light On,Ctrl,49.965,16.655,3.0,2019-05-01_14-57-59,17,49.965
146,Chr/w,Red Light On,Ctrl,203.55,18.504545454545397,11.0,2019-05-01_14-57-59,16,203.54999999999936
147,Trhn/w,Red Light On,Ctrl,103.70400000000001,7.9772307692307,13.0,2019-05-01_14-57-59,15,103.7039999999991
148,Chr/w,Red Light On,Ctrl,485.154,37.3195384615384,13.0,2020-11-05_15-14-54,1,485.1539999999992
149,Chr/w,Red Light On,Ctrl,171.676,24.5251428571428,7.0,2020-11-05_15-14-54,10,171.6759999999996
150,Chr/w,Red Light On,Ctrl,323.886,26.9905,12.0,2020-11-05_15-14-54,13,323.886
151,Trhn/w,Red Light On,Ctrl,523.454,12.7671707317073,41.0,2020-11-05_15-14-54,14,523.4539999999993
152,Trhn/w,Red Light On,Ctrl,403.77299999999997,6.0264626865671,67.0,2020-11-05_15-14-54,16,403.77299999999565
153,Chr/w,Red Light On,Ctrl,199.172,28.453142857142797,7.0,2020-11-05_15-14-54,18,199.17199999999957
154,Trhn/w,Red Light On,Ctrl,398.609,7.3816481481481,54.0,2020-11-05_15-14-54,2,398.6089999999974
155,Trhn/w,Red Light On,Ctrl,319.743,9.4042058823529,34.0,2020-11-05_15-14-54,25,319.7429999999986
156,Chr/w,Red Light On,Ctrl,200.963,28.709,7.0,2020-11-05_15-14-54,27,200.963
157,Trhn/w,Red Light On,Ctrl,444.465,15.87375,28.0,2020-11-05_15-14-54,28,444.465
158,Chr/w,Red Light On,Ctrl,192.23000000000002,21.3588888888888,9.0,2020-11-05_15-14-54,30,192.2299999999992
159,Chr/w,Red Light On,Ctrl,277.717,92.5723333333333,3.0,2020-11-05_15-14-54,4,277.7169999999999
160,Trhn/w,Red Light On,Ctrl,359.995,59.999166666666596,6.0,2020-11-05_15-14-54,5,359.99499999999955
161,Trhn/w,Red Light On,Ctrl,468.165,24.6402631578947,19.0,2020-11-05_15-14-54,8,468.16499999999934
162,Trhn/w,Red Light On,Ctrl,129.447,129.447,1.0,2019-04-05_12-10-53,14,129.447
163,Trhn/w,Red Light On,Ctrl,385.38800000000003,48.173500000000004,8.0,2020-11-12_13-47-57,4,385.38800000000003
164,Trhn/w,Red Light On,Ctrl,442.096,147.3653333333333,3.0,2019-04-05_12-10-53,11,442.0959999999999
165,Trhn/w,Red Light On,Ctrl,372.85400000000004,93.21350000000001,4.0,2020-11-12_13-47-57,24,372.85400000000004
166,Trhn/w,Red Light On,Ctrl,521.8159999999999,173.9386666666666,3.0,2020-11-12_13-47-57,27,521.8159999999998
167,Chr/w,Red Light On,Ctrl,140.426,46.8086666666666,3.0,2020-11-12_13-47-57,3,140.42599999999982
168,Trhn/w,Red Light On,Ctrl,1093.251,156.1787142857142,7.0,2020-11-12_13-47-57,30,1093.2509999999993
169,Chr/w,Red Light On,Ctrl,235.375,33.625,7.0,2020-11-12_13-47-57,6,235.375
170,Trhn/w,Red Light On,Ctrl,348.443,24.8887857142857,14.0,2020-11-12_13-47-57,7,348.4429999999998
171,Chr/w,Red Light On,Ctrl,226.536,226.536,1.0,2020-11-12_13-47-57,9,226.536
172,Chr/w,Red Light On,Ctrl,0.0,0.0,0.0,2019-04-03_12-01-47,7,0.0
173,Chr/w,Red Light On,Ctrl,0.0,0.0,0.0,2019-04-03_12-01-47,27,0.0
174,Chr/w,Red Light On,Ctrl,0.0,0.0,0.0,2019-04-05_12-10-53,7,0.0
175,Chr/w,Red Light On,Ctrl,0.0,0.0,0.0,2019-04-05_12-10-53,13,0.0
176,Chr/w,Red Light On,Ctrl,0.0,0.0,0.0,2019-04-05_12-10-53,27,0.0
177,Chr/w,Red Light On,Ctrl,191.38,31.8966666666666,6.0,2019-04-29_17-05-16,3,191.3799999999996
178,Trhn/w,Red Light On,Ctrl,202.793,33.7988333333333,6.0,2019-04-03_12-01-47,8,202.79299999999978
179,Trhn/w,Red Light On,Ctrl,252.571,11.4805,22.0,2019-04-03_12-01-47,5,252.57099999999997
180,Chr/w,Red Light On,Ctrl,429.20799999999997,47.6897777777777,9.0,2019-04-03_12-01-47,4,429.2079999999993
181,Chr/w,Red Light On,Ctrl,73.24300000000001,4.0690555555555,18.0,2019-04-03_12-01-47,30,73.242999999999
182,Chr/w,Red Light On,Ctrl,44.447,22.2235,2.0,2019-04-05_12-10-53,21,44.447
183,Chr/w,Red Light On,Ctrl,0.0,0.0,0.0,2019-05-01_14-57-59,22,0.0
184,Chr/w,Red Light On,Ctrl,549.3220000000001,61.0357777777777,9.0,2020-11-12_13-47-57,23,549.3219999999993
185,Chr/w,Red Light On,Ctrl,151.225,75.6125,2.0,2019-04-29_17-05-16,29,151.225
186,Chr/w,Red Light On,Ctrl,0.0,0.0,0.0,2019-04-05_12-10-53,30,0.0
187,Chr/w,Red Light On,Ctrl,0.0,0.0,0.0,2020-11-12_13-47-57,29,0.0
188,Trhn/w,Red Light On,Ctrl,244.2,6.2615384615384,39.0,2019-04-05_12-10-53,28,244.1999999999976
189,Chr/w,Red Light On,Ctrl,125.79599999999999,13.9773333333333,9.0,2019-04-05_12-10-53,10,125.79599999999971
190,Chr/w,Red Light On,Ctrl,357.36899999999997,35.7369,10.0,2019-04-03_12-01-47,18,357.36899999999997
191,Trhn/w,Red Light On,Ctrl,147.98600000000002,147.98600000000002,1.0,2019-04-29_17-05-16,1,147.98600000000002
192,Trhn/w,Red Light On,Ctrl,151.048,37.762,4.0,2019-04-29_17-05-16,10,151.048
193,Chr/w,Red Light On,Ctrl,133.3919999999999,26.6783999999999,5.0,2019-04-29_17-05-16,12,133.3919999999995
194,Trhn/w,Red Light On,Ctrl,211.941,17.66175,12.0,2019-04-03_12-01-47,16,211.94100000000003
195,Trhn/w,Red Light On,Ctrl,80.023,40.0115,2.0,2019-04-29_17-05-16,18,80.023
196,Trhn/w,Red Light On,Ctrl,1.52,1.52,1.0,2019-04-03_12-01-47,14,1.52
197,Chr/w,Red Light On,Ctrl,285.221,8.643060606060601,33.0,2019-04-03_12-01-47,13,285.22099999999983
198,Chr/w,Red Light On,Ctrl,178.863,178.863,1.0,2019-04-29_17-05-16,20,178.863
199,Trhn/w,Red Light On,Ctrl,146.198,36.5495,4.0,2019-04-29_17-05-16,21,146.198
200,Trhn/w,Red Light On,Ctrl,170.12199999999999,85.06099999999999,2.0,2019-04-29_17-05-16,24,170.12199999999999
201,Trhn/w,Red Light On,Ctrl,433.17699999999996,14.9371379310344,29.0,2019-04-03_12-01-47,28,433.1769999999976
202,Trhn/w,Red Light On,Ctrl,294.79100000000005,7.5587435897435,39.0,2019-04-05_12-10-53,25,294.79099999999653
203,Chr/w,Red Light On,Ctrl,1.661,1.661,1.0,2019-04-05_12-10-53,24,1.661
204,Chr/w,Red Light On,Ctrl,111.92699999999999,12.4363333333333,9.0,2019-04-05_12-10-53,1,111.9269999999997
205,Chr/w,Red Light On,Ctrl,0.0,0.0,0.0,2020-11-12_13-47-57,15,0.0
206,Chr/w,Red Light On,Ctrl,0.0,0.0,0.0,2020-11-12_13-47-57,26,0.0
207,Chr/w,Red Light On,Ctrl,134.25699999999998,44.7523333333333,3.0,2020-11-12_13-47-57,20,134.2569999999999
208,Trhn/w,Red Light On,Ctrl,0.0,0.0,0.0,2019-05-01_14-57-59,12,0.0
209,Trhn>Chr,Red Light On,Test,0.0,0.0,0.0,2020-11-05_15-14-54,9,0.0
210,Chr/w,Red Light On,Ctrl,0.0,0.0,0.0,2019-05-01_14-57-59,2,0.0
211,Trhn>Chr,Red Light On,Test,0.0,0.0,0.0,2019-04-05_12-10-53,3,0.0
212,Trhn>Chr,Red Light On,Test,50.102000000000004,4.5547272727272,11.0,2020-11-12_13-47-57,5,50.101999999999194
213,Trhn>Chr,Red Light On,Test,24.580000000000002,3.5114285714285,7.0,2019-04-05_12-10-53,17,24.5799999999995
214,Trhn>Chr,Red Light On,Test,147.418,9.8278666666666,15.0,2020-11-12_13-47-57,8,147.41799999999898
215,Trhn>Chr,Red Light On,Test,31.9259999999999,5.320999999999899,6.0,2019-04-05_12-10-53,12,31.925999999999398
216,Trhn>Chr,Red Light On,Test,52.185,5.7983333333333,9.0,2019-04-03_12-01-47,9,52.184999999999704
217,Chr/w,Red Light On,Ctrl,0.0,0.0,0.0,2020-11-05_15-14-54,21,0.0
218,Trhn>Chr,Red Light On,Test,0.0,0.0,0.0,2020-11-05_15-14-54,6,0.0
219,Chr/w,Red Light On,Ctrl,366.23,73.24600000000001,5.0,2019-04-03_12-01-47,24,366.23
220,Trhn>Chr,Red Light On,Test,0.0,0.0,0.0,2020-11-05_15-14-54,26,0.0
221,Trhn/w,Red Light On,Ctrl,213.978,14.2652,15.0,2019-04-29_17-05-16,13,213.978
222,Trhn>Chr,Red Light On,Test,0.0,0.0,0.0,2019-04-29_17-05-16,14,0.0
223,Trhn>Chr,Red Light On,Test,0.0,0.0,0.0,2019-05-01_14-57-59,10,0.0
224,Trhn>Chr,Red Light On,Test,28.335,5.667,5.0,2019-05-01_14-57-59,18,28.335
225,Trhn>Chr,Red Light On,Test,11.803999999999899,1.9673333333333,6.0,2019-04-29_17-05-16,28,11.8039999999998
226,Trhn>Chr,Red Light On,Test,27.586,4.5976666666665995,6.0,2019-04-29_17-05-16,19,27.585999999999597
227,Trhn>Chr,Red Light On,Test,82.819,5.9156428571427995,14.0,2019-05-01_14-57-59,24,82.81899999999919
228,Trhn>Chr,Red Light On,Test,146.91000000000003,8.6417647058823,17.0,2019-05-01_14-57-59,4,146.90999999999912
229,Trhn>Chr,Red Light On,Test,0.0,0.0,0.0,2019-05-01_14-57-59,21,0.0
230,Trhn>Chr,Red Light On,Test,0.0,0.0,0.0,2019-04-05_12-10-53,6,0.0
231,Trhn>Chr,Red Light On,Test,0.0,0.0,0.0,2019-04-29_17-05-16,11,0.0
232,Trhn>Chr,Red Light On,Test,52.727999999999994,8.7879999999999,6.0,2020-11-12_13-47-57,22,52.727999999999405
233,Trhn>Chr,Red Light On,Test,16.8719999999999,4.2179999999999,4.0,2019-04-03_12-01-47,12,16.8719999999996
234,Trhn/w,Red Light On,Ctrl,283.6909999999999,56.7381999999999,5.0,2019-04-03_12-01-47,19,283.6909999999995
235,Trhn>Chr,Red Light On,Test,0.0,0.0,0.0,2019-04-03_12-01-47,23,0.0
236,Trhn>Chr,Red Light On,Test,0.0,0.0,0.0,2019-05-01_14-57-59,27,0.0
237,Trhn>Chr,Red Light On,Test,0.0,0.0,0.0,2019-04-29_17-05-16,22,0.0
238,Trhn>Chr,Red Light On,Test,0.0,0.0,0.0,2019-04-03_12-01-47,15,0.0
239,Trhn>Chr,Red Light On,Test,220.67899999999997,24.5198888888888,9.0,2019-04-03_12-01-47,26,220.6789999999992
240,Trhn>Chr,Red Light On,Test,212.654,4.945441860465101,43.0,2020-11-12_13-47-57,28,212.65399999999934
241,Trhn>Chr,Red Light On,Test,17.2669999999999,3.4533999999999,5.0,2020-11-05_15-14-54,3,17.2669999999995
242,Trhn>Chr,Red Light On,Test,37.927,3.7927,10.0,2020-11-05_15-14-54,29,37.927
243,Chr/w,Red Light On,Ctrl,384.606,34.9641818181818,11.0,2019-04-03_12-01-47,21,384.60599999999977
244,Trhn>Chr,Red Light On,Test,0.0,0.0,0.0,2019-04-03_12-01-47,3,0.0
245,Trhn>Chr,Red Light On,Test,77.7699999999999,9.7212499999999,8.0,2020-11-05_15-14-54,23,77.7699999999992
246,Trhn/w,Red Light On,Ctrl,393.832,15.753280000000002,25.0,2019-04-05_12-10-53,22,393.83200000000005
247,Trhn>Chr,Red Light On,Test,57.716,4.4396923076923,13.0,2020-11-12_13-47-57,11,57.7159999999999
248,Trhn>Chr,Red Light On,Test,15.723999999999998,5.2413333333333005,3.0,2020-11-12_13-47-57,14,15.7239999999999
249,Trhn/w,Red Light On,Ctrl,294.95699999999994,12.8242173913043,23.0,2019-04-03_12-01-47,22,294.9569999999989
250,Trhn>Chr,Red Light On,Test,4.724,2.362,2.0,2020-11-12_13-47-57,19,4.724
251,Trhn/w,Red Light On,Ctrl,251.07199999999992,27.8968888888888,9.0,2019-04-03_12-01-47,2,251.0719999999992
252,Trhn>Chr,Red Light On,Test,134.406,33.6015,4.0,2019-05-01_14-57-59,7,134.406
253,Trhn>Chr,Red Light On,Test,12.718,3.1795,4.0,2020-11-05_15-14-54,12,12.718
254,Trhn>Chr,Red Light On,Test,62.839999999999996,4.1893333333333,15.0,2019-04-05_12-10-53,15,62.8399999999995
255,Trhn>Chr,Red Light On,Test,63.28300000000001,7.910375000000001,8.0,2019-04-29_17-05-16,2,63.28300000000001
256,Trhn/w,Red Light On,Ctrl,227.217,6.4919142857142,35.0,2019-05-01_14-57-59,20,227.216999999997
257,Trhn/w,Red Light On,Ctrl,409.432,14.6225714285714,28.0,2019-05-01_14-57-59,23,409.43199999999916
258,Chr/w,Red Light On,Ctrl,151.287,21.612428571428502,7.0,2019-05-01_14-57-59,25,151.28699999999952
259,Trhn/w,Red Light On,Ctrl,171.39,10.711875,16.0,2019-05-01_14-57-59,26,171.39
260,Trhn/w,Red Light On,Ctrl,351.459,29.288249999999998,12.0,2019-05-01_14-57-59,29,351.45899999999995
261,Trhn/w,Red Light On,Ctrl,153.235,15.323500000000001,10.0,2019-05-01_14-57-59,3,153.235
262,Trhn/w,Red Light On,Ctrl,212.157,15.1540714285714,14.0,2019-05-01_14-57-59,6,212.1569999999996
263,Trhn/w,Red Light On,Ctrl,302.329,30.2329,10.0,2019-05-01_14-57-59,9,302.329
264,Chr/w,Red Light On,Ctrl,137.469,8.5918125,16.0,2019-05-01_14-57-59,5,137.469
265,Trhn/w,Red Light On,Ctrl,112.161,28.04025,4.0,2019-04-29_17-05-16,30,112.161
266,Trhn/w,Red Light On,Ctrl,447.08,55.885,8.0,2020-11-12_13-47-57,18,447.08
267,Chr/w,Red Light On,Ctrl,403.971,17.563956521739097,23.0,2019-05-01_14-57-59,19,403.97099999999926
268,Trhn/w,Red Light On,Ctrl,391.382,27.9558571428571,14.0,2020-11-12_13-47-57,21,391.3819999999994
269,Chr/w,Red Light On,Ctrl,0.0,0.0,0.0,2019-04-29_17-05-16,9,0.0
270,Chr/w,Red Light On,Ctrl,0.0,0.0,0.0,2019-04-29_17-05-16,15,0.0
271,Trhn/w,Red Light On,Ctrl,0.0,0.0,0.0,2019-04-29_17-05-16,16,0.0
272,Chr/w,Red Light On,Ctrl,0.0,0.0,0.0,2019-04-29_17-05-16,17,0.0
273,Chr/w,Red Light On,Ctrl,0.0,0.0,0.0,2019-04-29_17-05-16,23,0.0
274,Chr/w,Red Light On,Ctrl,0.0,0.0,0.0,2019-04-29_17-05-16,26,0.0
275,Trhn/w,Red Light On,Ctrl,312.79400000000004,34.7548888888888,9.0,2019-04-03_12-01-47,11,312.7939999999992
276,Chr/w,Red Light On,Ctrl,0.0,0.0,0.0,2019-05-01_14-57-59,8,0.0
277,Chr/w,Red Light On,Ctrl,327.58799999999997,327.58799999999997,1.0,2019-04-03_12-01-47,1,327.58799999999997
278,Trhn>Chr,Red Light On,Test,16.567999999999998,4.1419999999999995,4.0,2019-04-05_12-10-53,20,16.567999999999998
279,Trhn>Chr,Red Light On,Test,144.883,2.4556440677966,59.0,2019-05-01_14-57-59,13,144.88299999999938
280,Trhn>Chr,Red Light On,Test,15.786000000000001,3.1572,5.0,2019-04-03_12-01-47,29,15.786
281,Trhn>Chr,Red Light On,Test,13.1869999999999,3.2967499999999,4.0,2019-04-03_12-01-47,6,13.1869999999996
282,Trhn>Chr,Red Light On,Test,36.033,6.0055000000000005,6.0,2019-04-05_12-10-53,9,36.033
283,Trhn>Chr,Red Light On,Test,0.0,0.0,0.0,2019-05-01_14-57-59,30,0.0
284,Trhn>Chr,Red Light On,Test,0.0,0.0,0.0,2020-11-12_13-47-57,2,0.0
285,Trhn>Chr,Red Light On,Test,0.0,0.0,0.0,2019-04-05_12-10-53,23,0.0
286,Trhn>Chr,Red Light On,Test,15.876000000000001,2.2680000000000002,7.0,2019-04-05_12-10-53,29,15.876000000000001
287,Trhn>Chr,Red Light On,Test,153.9029999999999,7.6951499999999,20.0,2020-11-05_15-14-54,20,153.902999999998
288,Trhn>Chr,Red Light On,Test,53.518,4.1167692307692,13.0,2020-11-05_15-14-54,17,53.517999999999596
289,Trhn>Chr,Red Light On,Test,0.0,0.0,0.0,2019-04-05_12-10-53,26,0.0
290,Trhn>Chr,Red Light On,Test,84.15899999999999,2.8052999999999,30.0,2020-11-05_15-14-54,15,84.158999999997
291,Trhn>Chr,Red Light On,Test,37.74,4.7175,8.0,2019-04-29_17-05-16,5,37.74
292,Trhn>Chr,Red Light On,Test,25.123,2.7914444444443998,9.0,2019-04-29_17-05-16,8,25.1229999999996
293,Trhn>Chr,Red Light On,Test,22.529,2.0480909090909,11.0,2019-04-29_17-05-16,25,22.5289999999999
294,Trhn>Chr,Red Light On,Test,0.0,0.0,0.0,2020-11-12_13-47-57,16,0.0
295,Trhn>Chr,Red Light On,Test,92.447,2.9821612903225,31.0,2019-04-03_12-01-47,20,92.4469999999975
296,Trhn>Chr,Red Light On,Test,0.0,0.0,0.0,2019-05-01_14-57-59,1,0.0
297,Trhn>Chr,Red Light On,Test,54.663999999999994,2.7332,20.0,2019-04-03_12-01-47,17,54.664
298,Trhn/w,Red Light On,Ctrl,39.013,39.013,1.0,2019-04-29_17-05-16,27,39.013
299,Trhn/w,Red Light On,Ctrl,279.764,10.3616296296296,27.0,2019-04-05_12-10-53,5,279.7639999999992
